texto,label
URGENTE: sua conta bancária foi bloqueada por atividade suspeita. Regularize agora em banco-seguro.exemplo/login.,1
"Você recebeu um PIX de R$ 850,00. Para liberar o valor, confirme seus dados em pix-validacao.exemplo.",1
"Correios: sua encomenda está retida por falta de pagamento da taxa. Pague R$ 7,90 acessando entrega-rastreio.exemplo.",1
Parabéns! Seu número foi sorteado e você ganhou R$ 10.000. Responda SIM para receber seu prêmio.,1
"Compra de R$ 2.499,90 aprovada no seu cartão. Caso não reconheça, clique imediatamente: cancelar-compra.exemplo.",1
Seu CPF será suspenso hoje por pendência cadastral. Atualize seus dados imediatamente no link regulariza-cpf.exemplo.,1
"Olá mãe, meu celular quebrou e estou usando este número novo. Preciso fazer um pagamento urgente. Pode me mandar um PIX?",1
"Detectamos tentativa de acesso à sua conta. Para evitar o bloqueio, envie o código de 6 dígitos recebido por SMS.",1
Você possui valores esquecidos disponíveis para saque. Consulte e receba agora: valores-resgate.exemplo.,1
Sua assinatura será cancelada hoje. Atualize sua forma de pagamento em atualizar-pagamento.exemplo para evitar a suspensão.,1
"Oi, você consegue passar no mercado antes de vir para casa? Precisamos de leite e pão.",0
Bom dia! A reunião foi alterada para amanhã às 10h. Te envio os documentos mais tarde.,0
"Sua consulta está confirmada para quinta-feira às 14h30. Caso precise remarcar, entre em contato conosco.",0
"Pai, cheguei bem em casa. Amanhã passo aí depois do almoço.",0
"Olá professor, terminei o trabalho. Posso entregar durante a aula de sexta-feira?",0
Seu pedido saiu para entrega e deve chegar até as 18h. Obrigado pela preferência.,0
"Pessoal, o treino de hoje começa às 19h no mesmo local da semana passada.",0
Feliz aniversário! Espero que você tenha um ótimo dia e que possamos comemorar em breve.,0
A aula de matemática de amanhã será na sala 204. Não esqueçam de levar a calculadora.,0
"Oi, estou chegando em aproximadamente 20 minutos. Quando estiver perto te aviso.",0
